timestamp,condition,position,angle_deg,rssi_dbm,rssi_std,noise_dbm,n_frames,n_subcarriers,amp_mean,amp_max,csi_real_00,csi_imag_00,csi_real_01,csi_imag_01,csi_real_02,csi_imag_02,csi_real_03,csi_imag_03,csi_real_04,csi_imag_04,csi_real_05,csi_imag_05,csi_real_06,csi_imag_06,csi_real_07,csi_imag_07,csi_real_08,csi_imag_08,csi_real_09,csi_imag_09,csi_real_10,csi_imag_10,csi_real_11,csi_imag_11,csi_real_12,csi_imag_12,csi_real_13,csi_imag_13,csi_real_14,csi_imag_14,csi_real_15,csi_imag_15,csi_real_16,csi_imag_16,csi_real_17,csi_imag_17,csi_real_18,csi_imag_18,csi_real_19,csi_imag_19,csi_real_20,csi_imag_20,csi_real_21,csi_imag_21,csi_real_22,csi_imag_22,csi_real_23,csi_imag_23,csi_real_24,csi_imag_24,csi_real_25,csi_imag_25,csi_real_26,csi_imag_26,csi_real_27,csi_imag_27,csi_real_28,csi_imag_28,csi_real_29,csi_imag_29,csi_real_30,csi_imag_30,csi_real_31,csi_imag_31,csi_real_32,csi_imag_32,csi_real_33,csi_imag_33,csi_real_34,csi_imag_34,csi_real_35,csi_imag_35,csi_real_36,csi_imag_36,csi_real_37,csi_imag_37,csi_real_38,csi_imag_38,csi_real_39,csi_imag_39,csi_real_40,csi_imag_40,csi_real_41,csi_imag_41,csi_real_42,csi_imag_42,csi_real_43,csi_imag_43,csi_real_44,csi_imag_44,csi_real_45,csi_imag_45,csi_real_46,csi_imag_46,csi_real_47,csi_imag_47,csi_real_48,csi_imag_48,csi_real_49,csi_imag_49,csi_real_50,csi_imag_50,csi_real_51,csi_imag_51,csi_real_52,csi_imag_52,csi_real_53,csi_imag_53,csi_real_54,csi_imag_54,csi_real_55,csi_imag_55,csi_real_56,csi_imag_56,csi_real_57,csi_imag_57,csi_real_58,csi_imag_58,csi_real_59,csi_imag_59,csi_real_60,csi_imag_60,csi_real_61,csi_imag_61,csi_real_62,csi_imag_62,csi_real_63,csi_imag_63,csi_real_64,csi_imag_64,csi_real_65,csi_imag_65,csi_real_66,csi_imag_66,csi_real_67,csi_imag_67,csi_real_68,csi_imag_68,csi_real_69,csi_imag_69,csi_real_70,csi_imag_70,csi_real_71,csi_imag_71,csi_real_72,csi_imag_72,csi_real_73,csi_imag_73,csi_real_74,csi_imag_74,csi_real_75,csi_imag_75,csi_real_76,csi_imag_76,csi_real_77,csi_imag_77,csi_real_78,csi_imag_78,csi_real_79,csi_imag_79,csi_real_80,csi_imag_80,csi_real_81,csi_imag_81,csi_real_82,csi_imag_82,csi_real_83,csi_imag_83,csi_real_84,csi_imag_84,csi_real_85,csi_imag_85,csi_real_86,csi_imag_86,csi_real_87,csi_imag_87,csi_real_88,csi_imag_88,csi_real_89,csi_imag_89,csi_real_90,csi_imag_90,csi_real_91,csi_imag_91,csi_real_92,csi_imag_92,csi_real_93,csi_imag_93,csi_real_94,csi_imag_94,csi_real_95,csi_imag_95,csi_real_96,csi_imag_96,csi_real_97,csi_imag_97,csi_real_98,csi_imag_98,csi_real_99,csi_imag_99,csi_real_100,csi_imag_100,csi_real_101,csi_imag_101,csi_real_102,csi_imag_102,csi_real_103,csi_imag_103,csi_real_104,csi_imag_104,csi_real_105,csi_imag_105,csi_real_106,csi_imag_106,csi_real_107,csi_imag_107,csi_real_108,csi_imag_108,csi_real_109,csi_imag_109,csi_real_110,csi_imag_110,csi_real_111,csi_imag_111,csi_real_112,csi_imag_112,csi_real_113,csi_imag_113,csi_real_114,csi_imag_114,csi_real_115,csi_imag_115,csi_real_116,csi_imag_116,csi_real_117,csi_imag_117,csi_real_118,csi_imag_118,csi_real_119,csi_imag_119,csi_real_120,csi_imag_120,csi_real_121,csi_imag_121,csi_real_122,csi_imag_122,csi_real_123,csi_imag_123,csi_real_124,csi_imag_124,csi_real_125,csi_imag_125,csi_real_126,csi_imag_126,csi_real_127,csi_imag_127,csi_real_128,csi_imag_128,csi_real_129,csi_imag_129,csi_real_130,csi_imag_130,csi_real_131,csi_imag_131,csi_real_132,csi_imag_132,csi_real_133,csi_imag_133,csi_real_134,csi_imag_134,csi_real_135,csi_imag_135,csi_real_136,csi_imag_136,csi_real_137,csi_imag_137,csi_real_138,csi_imag_138,csi_real_139,csi_imag_139,csi_real_140,csi_imag_140,csi_real_141,csi_imag_141,csi_real_142,csi_imag_142,csi_real_143,csi_imag_143,csi_real_144,csi_imag_144,csi_real_145,csi_imag_145,csi_real_146,csi_imag_146,csi_real_147,csi_imag_147,csi_real_148,csi_imag_148,csi_real_149,csi_imag_149,csi_real_150,csi_imag_150,csi_real_151,csi_imag_151,csi_real_152,csi_imag_152,csi_real_153,csi_imag_153,csi_real_154,csi_imag_154,csi_real_155,csi_imag_155,csi_real_156,csi_imag_156,csi_real_157,csi_imag_157,csi_real_158,csi_imag_158,csi_real_159,csi_imag_159,csi_real_160,csi_imag_160,csi_real_161,csi_imag_161,csi_real_162,csi_imag_162,csi_real_163,csi_imag_163,csi_real_164,csi_imag_164,csi_real_165,csi_imag_165,csi_real_166,csi_imag_166,csi_real_167,csi_imag_167,csi_real_168,csi_imag_168,csi_real_169,csi_imag_169,csi_real_170,csi_imag_170,csi_real_171,csi_imag_171,csi_real_172,csi_imag_172,csi_real_173,csi_imag_173,csi_real_174,csi_imag_174,csi_real_175,csi_imag_175,csi_real_176,csi_imag_176,csi_real_177,csi_imag_177,csi_real_178,csi_imag_178,csi_real_179,csi_imag_179,csi_real_180,csi_imag_180,csi_real_181,csi_imag_181,csi_real_182,csi_imag_182,csi_real_183,csi_imag_183,csi_real_184,csi_imag_184,csi_real_185,csi_imag_185,csi_real_186,csi_imag_186,csi_real_187,csi_imag_187,csi_real_188,csi_imag_188,csi_real_189,csi_imag_189,csi_real_190,csi_imag_190,csi_real_191,csi_imag_191
2026-04-26 03:50:03.682,healthy,0,0.0,-38.81,1.18,-97.0,100,128,3.0423,11.3032,0.0,0.0,0.0,0.0,0.0,0.0,0.0,0.0,0.0,0.0,0.0,0.0,-0.1,0.27,-0.16,0.3,-0.21,0.33,-0.16,0.39,-0.23,0.45,-0.28,0.53,-0.31,0.52,-0.41,0.52,-0.39,0.54,-0.37,0.62,-0.39,0.7,-0.34,0.7,-0.33,0.78,-0.39,0.76,-0.53,0.81,-0.4,0.92,-0.49,0.87,-0.54,0.9,-0.65,0.89,-0.63,1.03,-0.67,0.97,-0.64,1.0,-0.62,0.99,-0.68,1.09,-0.65,1.02,-0.69,1.03,0.0,0.0,-0.68,1.06,-0.7,1.08,-0.67,1.13,-0.61,1.02,-0.75,1.04,-0.74,1.12,-0.61,1.15,-0.59,1.02,-0.54,1.06,-0.5,1.13,-0.48,1.18,-0.54,1.15,-0.42,1.18,-0.42,1.19,-0.47,1.18,-0.38,1.31,-0.38,1.27,-0.31,1.22,-0.45,1.37,-0.25,1.23,-0.37,1.31,-0.37,1.35,-0.27,1.3,-0.26,1.36,-0.28,1.43,-0.36,1.39,0.0,0.0,0.0,0.0,0.0,0.0,0.0,0.0,0.0,0.0,0.0,0.0,0.0,0.0,10.64,-1.22,10.52,-1.17,11.17,-1.73,10.21,-0.93,10.43,-1.36,9.67,-1.13,9.68,-1.07,9.5,-1.2,8.71,-1.28,8.81,-1.43,8.57,-1.4,7.93,-1.47,8.35,-1.66,7.77,-1.53,7.51,-1.81,7.53,-2.23,7.29,-1.78,6.89,-1.99,6.41,-1.97,6.69,-2.28,6.75,-2.54,6.08,-2.15,5.88,-2.49,5.93,-2.22,5.5,-2.03,5.71,-2.28,5.54,-2.61,5.43,-2.74,5.13,-2.49,5.42,-2.71,4.74,-2.57,4.9,-2.48,4.93,-2.05,4.92,-2.12,4.69,-2.14,4.5,-1.73,4.29,-1.91,4.08,-1.73,4.09,-1.36,3.86,-1.66,3.57,-1.52,3.44,-1.03,3.23,-1.32,3.07,-1.14,2.7,-1.29,2.87,-1.07,2.66,-1.08,2.31,-1.09,2.0,-1.0,2.13,-1.21,1.96,-0.93,1.87,-1.09,1.79,-1.09,1.47,-1.02,1.59,-0.89,1.54,-0.87,1.61,-0.66,0.2,0.2,0.18,0.2,0.0,0.0,0.0,0.0,0.0,0.0,,,,,,,,,,,,,,,,,,,,,,,,,,,,,,,,,,,,,,,,,,,,,,,,,,,,,,,,,,,,,,,,,,,,,,,,,,,,,,,,,,,,,,,,,,,,,,,,,,,,,,,,,,,,,,,,,,,,,,,,,,,,,,,,
2026-04-26 03:50:15.641,healthy,1,22.5,-39.38,1.16,-97.0,100,128,1.9843,5.2002,0.0,0.0,0.0,0.0,0.0,0.0,0.0,0.0,0.0,0.0,0.0,0.0,-0.72,-1.22,-0.62,-1.33,-0.64,-1.32,-0.6,-1.3,-0.6,-1.38,-0.53,-1.42,-0.48,-1.4,-0.38,-1.38,-0.45,-1.46,-0.4,-1.48,-0.35,-1.51,-0.34,-1.55,-0.37,-1.6,-0.35,-1.56,-0.22,-1.54,-0.24,-1.6,-0.25,-1.66,-0.22,-1.59,-0.1,-1.62,-0.12,-1.62,-0.05,-1.61,-0.08,-1.58,-0.09,-1.6,-0.08,-1.66,-0.12,-1.7,-0.1,-1.62,0.0,0.0,-0.03,-1.62,-0.04,-1.68,-0.04,-1.64,-0.06,-1.66,-0.11,-1.49,-0.06,-1.63,-0.09,-1.55,-0.1,-1.51,-0.21,-1.52,-0.22,-1.61,-0.19,-1.59,-0.23,-1.6,-0.2,-1.64,-0.22,-1.6,-0.22,-1.71,-0.27,-1.68,-0.25,-1.66,-0.38,-1.67,-0.26,-1.67,-0.4,-1.59,-0.29,-1.69,-0.35,-1.63,-0.34,-1.76,-0.5,-1.83,-0.43,-1.75,-0.48,-1.7,0.0,0.0,0.0,0.0,0.0,0.0,0.0,0.0,0.0,0.0,0.0,0.0,0.0,0.0,-4.86,0.25,-4.98,0.78,-5.2,0.05,-5.0,-0.18,-4.92,-0.96,-4.58,-0.77,-4.53,-0.8,-4.58,-0.78,-4.32,-1.26,-4.05,-1.03,-3.81,-1.08,-3.53,-0.91,-3.71,-1.04,-3.5,-1.27,-3.34,-1.18,-3.42,-0.9,-3.52,-1.11,-3.24,-1.0,-2.79,-1.09,-2.86,-1.07,-2.63,-1.15,-2.45,-1.04,-2.38,-0.92,-2.47,-1.11,-2.23,-1.06,-2.43,-1.13,-2.05,-1.13,-2.22,-1.03,-2.1,-1.09,-2.18,-0.92,-2.33,0.45,-1.99,-1.21,-1.67,-1.25,-1.93,-1.33,-1.82,-1.32,-1.84,-1.32,-1.77,-1.52,-1.71,-1.66,-1.69,-1.34,-1.61,-1.39,-1.31,-1.51,-1.33,-1.72,-1.4,-1.51,-1.4,-1.64,-1.12,-1.75,-1.18,-1.66,-1.15,-1.87,-1.28,-1.88,-1.36,-1.68,-1.14,-1.78,-1.08,-1.68,-1.06,-1.65,-1.08,-1.75,-1.19,-1.84,-0.94,-1.87,-1.21,-1.8,-1.29,-1.64,-0.18,-1.57,-0.18,-1.54,0.0,0.0,0.0,0.0,0.0,0.0,,,,,,,,,,,,,,,,,,,,,,,,,,,,,,,,,,,,,,,,,,,,,,,,,,,,,,,,,,,,,,,,,,,,,,,,,,,,,,,,,,,,,,,,,,,,,,,,,,,,,,,,,,,,,,,,,,,,,,,,,,,,,,,,
2026-04-26 03:50:37.207,healthy,2,45.0,-39.7,1.57,-97.0,100,64,0.8632,1.32,0.0,0.0,0.0,0.0,0.0,0.0,0.0,0.0,0.0,0.0,0.0,0.0,-0.46,0.27,-0.46,0.29,-0.53,0.36,-0.62,0.37,-0.71,0.4,-0.78,0.3,-0.79,0.37,-0.79,0.31,-0.79,0.42,-0.81,0.37,-0.94,0.47,-0.89,0.5,-0.91,0.51,-0.95,0.46,-0.96,0.47,-1.03,0.46,-1.02,0.49,-1.06,0.44,-1.11,0.49,-1.14,0.48,-1.09,0.45,-1.15,0.45,-1.1,0.4,-1.19,0.49,-1.16,0.51,-1.08,0.45,0.0,0.0,-1.13,0.44,-1.2,0.55,-1.15,0.53,-1.11,0.47,-1.13,0.46,-1.07,0.51,-1.03,0.47,-1.04,0.45,-0.99,0.52,-1.02,0.54,-0.92,0.59,-0.92,0.46,-0.91,0.6,-0.84,0.56,-0.91,0.55,-0.94,0.68,-0.89,0.72,-0.82,0.67,-0.87,0.66,-0.78,0.7,-0.83,0.71,-0.81,0.77,-0.79,0.71,-0.75,0.71,-0.75,0.78,-0.79,0.79,0.0,0.0,0.0,0.0,0.0,0.0,0.0,0.0,0.0,0.0,,,,,,,,,,,,,,,,,,,,,,,,,,,,,,,,,,,,,,,,,,,,,,,,,,,,,,,,,,,,,,,,,,,,,,,,,,,,,,,,,,,,,,,,,,,,,,,,,,,,,,,,,,,,,,,,,,,,,,,,,,,,,,,,,,,,,,,,,,,,,,,,,,,,,,,,,,,,,,,,,,,,,,,,,,,,,,,,,,,,,,,,,,,,,,,,,,,,,,,,,,,,,,,,,,,,,,,,,,,,,,,,,,,,,,,,,,,,,,,,,,,,,,,,,,,,,,,,
2026-04-26 03:50:49.176,healthy,3,67.5,-39.6,1.0,-97.0,100,128,1.6948,4.7158,0.0,0.0,0.0,0.0,0.0,0.0,0.0,0.0,0.0,0.0,0.0,0.0,-0.93,-0.35,-0.92,-0.38,-0.9,-0.35,-0.96,-0.3,-1.03,-0.45,-1.0,-0.43,-1.01,-0.49,-1.06,-0.56,-1.09,-0.51,-1.06,-0.51,-1.12,-0.55,-1.13,-0.55,-1.12,-0.6,-1.15,-0.58,-1.15,-0.65,-1.29,-0.65,-1.22,-0.69,-1.19,-0.68,-1.19,-0.79,-1.18,-0.75,-1.15,-0.72,-1.25,-0.77,-1.2,-0.77,-1.18,-0.84,-1.27,-0.76,-1.22,-0.87,0.0,0.0,-1.24,-0.83,-1.25,-0.84,-1.17,-0.86,-1.26,-0.78,-1.2,-0.83,-1.2,-0.85,-1.18,-0.77,-1.15,-0.83,-1.25,-0.78,-1.27,-0.77,-1.25,-0.75,-1.17,-0.77,-1.25,-0.79,-1.19,-0.74,-1.38,-0.77,-1.33,-0.76,-1.43,-0.73,-1.31,-0.82,-1.29,-0.75,-1.34,-0.66,-1.29,-0.74,-1.39,-0.68,-1.36,-0.7,-1.33,-0.75,-1.41,-0.72,-1.38,-0.66,0.0,0.0,0.0,0.0,0.0,0.0,0.0,0.0,0.0,0.0,0.0,0.0,0.0,0.0,-0.65,4.54,-0.53,4.38,-0.58,4.68,-0.78,4.44,-1.72,3.8,-1.8,3.59,-1.48,3.44,-1.53,3.57,-1.48,3.22,-1.71,3.31,-1.44,3.22,-1.61,3.14,-1.54,3.2,-1.41,2.84,-1.33,2.67,-1.38,2.91,-1.41,2.64,-1.14,2.6,-1.32,2.49,-1.11,2.69,-1.01,2.67,-0.99,2.27,-0.7,2.37,-1.03,2.44,-1.04,2.23,-0.77,2.27,-0.8,2.08,-0.64,2.16,-0.95,2.07,-1.11,2.16,0.06,2.44,-0.86,2.06,-0.88,1.79,-0.81,2.05,-0.77,2.03,-1.07,1.85,-1.22,1.68,-1.1,1.94,-1.17,1.48,-1.23,1.56,-1.17,1.45,-1.22,1.07,-0.93,1.16,-1.18,1.08,-1.15,1.05,-1.43,1.1,-1.27,0.98,-1.21,0.79,-1.09,0.89,-1.03,0.68,-1.19,0.69,-1.27,0.62,-0.97,0.67,-1.37,0.46,-1.19,0.58,-1.36,0.51,-1.39,0.21,-0.57,-0.21,-0.54,-0.22,0.0,0.0,0.0,0.0,0.0,0.0,,,,,,,,,,,,,,,,,,,,,,,,,,,,,,,,,,,,,,,,,,,,,,,,,,,,,,,,,,,,,,,,,,,,,,,,,,,,,,,,,,,,,,,,,,,,,,,,,,,,,,,,,,,,,,,,,,,,,,,,,,,,,,,,
2026-04-26 03:51:01.258,healthy,4,90.0,-39.68,1.11,-97.0,100,128,2.0242,5.2657,0.0,0.0,0.0,0.0,0.0,0.0,0.0,0.0,0.0,0.0,0.0,0.0,-0.59,-1.04,-0.44,-1.01,-0.51,-1.09,-0.48,-1.13,-0.48,-1.11,-0.4,-1.18,-0.36,-1.11,-0.32,-1.12,-0.31,-1.13,-0.32,-1.1,-0.23,-1.21,-0.34,-1.19,-0.19,-1.2,-0.23,-1.21,-0.21,-1.15,-0.21,-1.25,-0.17,-1.2,-0.16,-1.15,-0.14,-1.17,-0.09,-1.19,-0.16,-1.17,-0.08,-1.19,-0.13,-1.15,-0.03,-1.2,-0.02,-1.25,-0.04,-1.15,0.0,0.0,-0.08,-1.13,-0.01,-1.21,-0.04,-1.16,-0.16,-1.17,-0.07,-1.09,-0.08,-1.18,-0.11,-1.18,-0.14,-1.1,-0.21,-1.16,-0.22,-1.13,-0.2,-1.17,-0.25,-1.14,-0.26,-1.15,-0.21,-1.17,-0.29,-1.2,-0.24,-1.19,-0.29,-1.22,-0.37,-1.28,-0.24,-1.23,-0.4,-1.23,-0.23,-1.23,-0.37,-1.22,-0.42,-1.23,-0.38,-1.25,-0.38,-1.27,-0.37,-1.21,0.0,0.0,0.0,0.0,0.0,0.0,0.0,0.0,0.0,0.0,0.0,0.0,0.0,0.0,-5.16,0.47,-4.94,0.53,-5.12,1.23,-4.98,0.81,-4.77,0.88,-4.54,1.12,-4.56,1.05,-4.54,0.95,-4.31,0.68,-4.28,1.05,-4.19,1.13,-3.97,1.07,-4.1,1.04,-3.92,1.02,-3.94,1.12,-3.72,1.42,-3.91,1.2,-3.55,1.44,-3.42,1.31,-3.33,1.2,-3.36,1.47,-3.12,1.27,-3.01,1.61,-3.02,1.45,-2.92,1.33,-3.09,1.32,-2.83,1.55,-2.85,1.71,-2.9,1.83,-3.05,1.77,-2.32,1.83,-2.83,1.77,-2.64,1.4,-2.77,1.6,-2.6,1.58,-2.63,1.74,-2.44,1.61,-2.45,1.51,-2.53,1.47,-2.39,1.41,-2.49,1.5,-2.43,1.42,-2.23,1.16,-2.39,1.29,-2.26,1.33,-2.38,1.27,-2.15,1.19,-2.32,1.26,-2.25,1.21,-2.33,1.06,-2.25,1.11,-2.24,0.92,-2.15,1.01,-2.25,0.77,-2.26,0.84,-2.18,0.74,-2.28,0.73,-0.48,0.24,-0.5,0.25,0.0,0.0,0.0,0.0,0.0,0.0,,,,,,,,,,,,,,,,,,,,,,,,,,,,,,,,,,,,,,,,,,,,,,,,,,,,,,,,,,,,,,,,,,,,,,,,,,,,,,,,,,,,,,,,,,,,,,,,,,,,,,,,,,,,,,,,,,,,,,,,,,,,,,,,
2026-04-26 03:51:13.027,healthy,5,112.5,-39.25,1.11,-97.0,100,128,1.0501,2.2238,0.0,0.0,0.0,0.0,0.0,0.0,0.0,0.0,0.0,0.0,0.0,0.0,-0.8,-0.42,-0.78,-0.36,-0.88,-0.36,-0.9,-0.49,-0.86,-0.44,-0.95,-0.54,-0.83,-0.54,-0.91,-0.47,-0.93,-0.53,-0.93,-0.58,-0.94,-0.57,-0.94,-0.63,-0.98,-0.55,-0.98,-0.63,-0.98,-0.6,-0.91,-0.63,-1.01,-0.65,-0.93,-0.67,-0.95,-0.71,-0.9,-0.68,-0.92,-0.69,-0.91,-0.72,-0.93,-0.69,-0.96,-0.65,-0.94,-0.67,-0.93,-0.71,0.0,0.0,-0.94,-0.69,-0.88,-0.72,-0.89,-0.62,-0.91,-0.75,-0.86,-0.72,-0.93,-0.69,-0.89,-0.66,-0.89,-0.66,-0.86,-0.62,-0.95,-0.61,-0.95,-0.61,-0.97,-0.63,-0.92,-0.65,-0.91,-0.59,-0.96,-0.62,-0.95,-0.54,-1.02,-0.55,-0.95,-0.58,-0.89,-0.51,-0.97,-0.57,-0.97,-0.54,-0.91,-0.49,-1.01,-0.55,-1.04,-0.54,-1.01,-0.53,-1.05,-0.51,0.0,0.0,0.0,0.0,0.0,0.0,0.0,0.0,0.0,0.0,0.0,0.0,0.0,0.0,-0.44,1.56,-0.07,1.57,-0.5,2.13,-0.93,2.02,-0.81,1.98,-0.72,1.86,-0.72,1.71,-0.87,1.56,-0.96,1.53,-0.68,1.46,-0.93,1.54,-0.85,1.5,-0.93,1.45,-0.88,1.18,-0.57,1.22,-0.51,1.22,-0.73,1.08,-0.77,1.25,-0.69,1.1,-0.73,1.2,-0.57,1.13,-0.84,0.96,-0.59,0.92,-0.6,1.04,-0.7,0.95,-0.65,0.99,-0.73,0.93,-0.63,1.02,-0.77,0.9,-0.8,0.94,-0.29,0.76,-0.78,0.82,-0.68,0.67,-0.63,0.77,-0.97,0.83,-0.96,0.94,-0.79,0.86,-0.85,0.72,-0.64,0.69,-1.02,0.56,-0.94,0.55,-0.98,0.53,-1.02,0.63,-0.99,0.47,-0.93,0.43,-1.09,0.39,-1.07,0.33,-0.97,0.33,-1.08,0.48,-1.04,0.41,-1.06,0.4,-1.17,0.27,-1.23,0.2,-1.1,0.16,-1.08,0.18,-1.14,0.16,-1.18,0.2,-0.52,0.03,-0.52,0.07,0.0,0.0,0.0,0.0,0.0,0.0,,,,,,,,,,,,,,,,,,,,,,,,,,,,,,,,,,,,,,,,,,,,,,,,,,,,,,,,,,,,,,,,,,,,,,,,,,,,,,,,,,,,,,,,,,,,,,,,,,,,,,,,,,,,,,,,,,,,,,,,,,,,,,,,
2026-04-26 03:51:24.788,healthy,6,135.0,-38.38,0.97,-97.0,100,128,0.8874,3.3794,0.0,0.0,0.0,0.0,0.0,0.0,0.0,0.0,0.0,0.0,0.0,0.0,-0.44,-0.38,-0.47,-0.39,-0.42,-0.36,-0.51,-0.39,-0.41,-0.41,-0.44,-0.29,-0.41,-0.33,-0.5,-0.35,-0.44,-0.4,-0.49,-0.36,-0.54,-0.33,-0.49,-0.35,-0.46,-0.38,-0.57,-0.33,-0.48,-0.34,-0.48,-0.32,-0.49,-0.38,-0.46,-0.32,-0.55,-0.32,-0.51,-0.37,-0.48,-0.33,-0.53,-0.35,-0.57,-0.27,-0.53,-0.24,-0.5,-0.25,-0.53,-0.29,0.0,0.0,-0.53,-0.31,-0.49,-0.27,-0.53,-0.27,-0.55,-0.32,-0.58,-0.26,-0.55,-0.31,-0.48,-0.26,-0.58,-0.37,-0.57,-0.35,-0.53,-0.28,-0.64,-0.34,-0.56,-0.26,-0.54,-0.28,-0.49,-0.27,-0.53,-0.25,-0.53,-0.28,-0.51,-0.19,-0.48,-0.33,-0.55,-0.33,-0.56,-0.29,-0.56,-0.3,-0.56,-0.25,-0.54,-0.32,-0.59,-0.36,-0.52,-0.25,-0.57,-0.27,0.0,0.0,0.0,0.0,0.0,0.0,0.0,0.0,0.0,0.0,0.0,0.0,0.0,0.0,1.77,-2.51,1.95,-2.76,1.75,-2.25,1.67,-1.84,1.82,-1.66,1.43,-1.61,1.57,-1.38,1.33,-1.31,1.16,-1.25,1.01,-1.54,0.9,-1.41,0.85,-1.27,0.82,-1.4,0.75,-1.32,0.55,-1.41,0.58,-1.31,0.59,-1.28,0.34,-1.31,0.4,-1.12,0.46,-1.45,0.15,-1.36,0.1,-1.44,-0.23,-1.19,-0.24,-1.26,-0.1,-1.26,-0.04,-1.45,-0.13,-1.47,-0.33,-1.43,-0.26,-1.23,-0.31,-1.33,-0.11,-2.17,-0.33,-1.18,-0.3,-1.42,-0.58,-1.16,-0.24,-1.3,-0.4,-1.15,-0.35,-1.06,-0.49,-1.16,-0.53,-1.16,-0.53,-1.15,-0.5,-0.99,-0.54,-1.03,-0.5,-0.81,-0.23,-0.86,-0.38,-0.76,-0.36,-0.95,-0.62,-0.83,-0.51,-0.79,-0.42,-0.91,-0.39,-0.59,-0.6,-0.67,-0.41,-0.81,-0.48,-0.59,-0.34,-0.63,-0.37,-0.45,-0.28,-0.42,-0.26,-0.24,-0.2,0.85,-0.2,0.87,0.0,0.0,0.0,0.0,0.0,0.0,,,,,,,,,,,,,,,,,,,,,,,,,,,,,,,,,,,,,,,,,,,,,,,,,,,,,,,,,,,,,,,,,,,,,,,,,,,,,,,,,,,,,,,,,,,,,,,,,,,,,,,,,,,,,,,,,,,,,,,,,,,,,,,,
2026-04-26 03:51:36.616,healthy,7,157.5,-38.23,1.05,-97.0,100,128,1.6906,5.1812,0.0,0.0,0.0,0.0,0.0,0.0,0.0,0.0,0.0,0.0,0.0,0.0,-0.76,-0.25,-0.81,-0.24,-0.87,-0.21,-0.87,-0.26,-0.85,-0.28,-0.9,-0.34,-0.92,-0.37,-0.94,-0.38,-0.92,-0.33,-0.94,-0.42,-0.99,-0.38,-0.94,-0.44,-1.0,-0.45,-0.99,-0.4,-1.05,-0.51,-1.02,-0.41,-1.07,-0.46,-0.97,-0.46,-1.09,-0.5,-1.1,-0.55,-1.06,-0.55,-1.03,-0.5,-0.96,-0.56,-1.07,-0.48,-1.01,-0.57,-1.06,-0.59,0.0,0.0,-1.01,-0.59,-1.01,-0.48,-1.02,-0.55,-1.01,-0.51,-1.04,-0.58,-1.03,-0.54,-0.96,-0.56,-0.99,-0.53,-1.04,-0.49,-1.0,-0.5,-0.98,-0.46,-0.95,-0.47,-0.96,-0.48,-0.96,-0.45,-0.99,-0.43,-1.07,-0.45,-0.96,-0.43,-0.98,-0.46,-0.98,-0.46,-0.99,-0.47,-0.99,-0.48,-0.97,-0.38,-0.9,-0.4,-1.01,-0.45,-1.0,-0.38,-0.99,-0.45,0.0,0.0,0.0,0.0,0.0,0.0,0.0,0.0,0.0,0.0,0.0,0.0,0.0,0.0,4.57,0.81,4.98,1.43,4.97,1.38,4.22,1.69,4.83,1.84,4.58,2.0,4.46,2.02,4.58,1.76,3.92,1.6,3.81,1.71,3.65,1.26,3.59,1.34,3.46,1.39,3.46,1.11,3.31,1.04,3.55,0.68,3.57,1.03,3.29,0.83,3.17,1.02,2.83,0.52,3.49,0.55,2.61,0.47,2.95,0.42,2.42,0.33,2.46,0.2,2.59,0.41,2.46,-0.01,2.64,-0.03,2.58,0.03,2.6,-0.15,2.78,-1.08,2.47,-0.09,2.22,0.12,2.34,0.03,2.28,-0.26,2.27,0.29,1.98,0.13,2.39,0.2,1.88,0.13,1.93,0.29,1.73,0.06,1.68,0.48,1.55,0.42,1.97,0.36,1.67,0.32,1.45,0.4,1.52,0.47,1.16,0.38,1.23,0.51,1.09,0.68,1.11,0.35,1.21,0.48,1.11,0.78,1.07,0.85,0.76,0.96,0.95,0.82,0.96,0.97,-0.08,1.16,-0.01,1.16,0.0,0.0,0.0,0.0,0.0,0.0,,,,,,,,,,,,,,,,,,,,,,,,,,,,,,,,,,,,,,,,,,,,,,,,,,,,,,,,,,,,,,,,,,,,,,,,,,,,,,,,,,,,,,,,,,,,,,,,,,,,,,,,,,,,,,,,,,,,,,,,,,,,,,,,
2026-04-26 03:51:48.493,healthy,8,180.0,-38.27,0.86,-97.0,100,128,2.661,9.1886,0.0,0.0,0.0,0.0,0.0,0.0,0.0,0.0,0.0,0.0,0.0,0.0,0.33,-0.12,0.36,-0.05,0.36,-0.04,0.39,0.06,0.31,0.14,0.31,0.19,0.23,0.21,0.23,0.24,0.32,0.27,0.19,0.35,0.38,0.41,0.3,0.37,0.3,0.48,0.28,0.4,0.28,0.44,0.28,0.53,0.25,0.53,0.15,0.53,0.21,0.56,0.26,0.56,0.12,0.6,0.21,0.59,0.1,0.52,0.17,0.69,0.12,0.62,0.08,0.63,0.0,0.0,0.14,0.56,0.21,0.56,0.17,0.5,0.15,0.46,0.16,0.43,0.14,0.48,0.22,0.51,0.19,0.42,0.29,0.37,0.26,0.32,0.28,0.3,0.34,0.36,0.31,0.28,0.37,0.38,0.42,0.3,0.43,0.35,0.37,0.31,0.44,0.17,0.48,0.34,0.45,0.19,0.49,0.27,0.58,0.2,0.52,0.19,0.57,0.15,0.59,0.2,0.56,0.18,0.0,0.0,0.0,0.0,0.0,0.0,0.0,0.0,0.0,0.0,0.0,0.0,0.0,0.0,-1.59,-9.05,-1.0,-8.97,-1.81,-8.78,-1.47,-8.05,-1.21,-8.5,-1.25,-7.88,-1.42,-7.65,-1.54,-7.63,-1.67,-7.25,-1.57,-7.09,-1.74,-7.08,-1.78,-6.61,-1.98,-6.77,-1.84,-6.67,-1.82,-6.3,-2.4,-6.25,-2.24,-6.47,-2.46,-5.8,-2.3,-5.34,-2.46,-5.58,-2.83,-5.71,-2.46,-5.17,-3.11,-4.79,-2.94,-4.98,-2.61,-4.77,-2.84,-4.97,-2.86,-4.92,-3.28,-5.05,-2.77,-4.88,-3.23,-4.81,-3.14,-4.64,-2.82,-4.36,-2.97,-4.41,-2.91,-4.39,-2.89,-4.19,-2.66,-4.1,-2.76,-4.27,-2.64,-4.23,-2.28,-4.02,-2.27,-3.91,-2.17,-3.79,-1.82,-3.77,-2.13,-3.6,-1.98,-3.37,-1.67,-3.17,-1.76,-3.14,-1.45,-3.05,-1.61,-2.9,-1.45,-2.63,-1.33,-2.75,-1.53,-2.64,-1.36,-2.78,-1.38,-2.66,-1.14,-2.59,-1.07,-2.46,-0.85,-2.43,-0.73,-2.43,0.2,0.33,0.24,0.25,0.0,0.0,0.0,0.0,0.0,0.0,,,,,,,,,,,,,,,,,,,,,,,,,,,,,,,,,,,,,,,,,,,,,,,,,,,,,,,,,,,,,,,,,,,,,,,,,,,,,,,,,,,,,,,,,,,,,,,,,,,,,,,,,,,,,,,,,,,,,,,,,,,,,,,,
2026-04-26 03:52:00.376,healthy,9,202.5,-38.33,1.24,-97.0,100,128,1.8896,4.9683,0.0,0.0,0.0,0.0,0.0,0.0,0.0,0.0,0.0,0.0,0.0,0.0,-0.35,0.69,-0.39,0.87,-0.46,0.85,-0.46,0.92,-0.57,0.9,-0.76,0.95,-0.7,0.95,-0.81,0.97,-0.85,1.02,-0.86,0.95,-0.92,1.19,-0.87,1.08,-0.98,1.2,-1.02,1.23,-1.06,1.19,-1.1,1.26,-1.12,1.22,-1.21,1.14,-1.23,1.26,-1.35,1.22,-1.4,1.14,-1.39,1.18,-1.34,1.03,-1.47,1.25,-1.4,1.17,-1.45,1.19,0.0,0.0,-1.51,1.16,-1.45,1.18,-1.44,1.16,-1.33,1.11,-1.35,1.0,-1.41,1.08,-1.33,1.02,-1.3,1.07,-1.21,1.05,-1.24,1.11,-1.19,1.16,-1.18,1.13,-1.04,1.13,-1.06,1.2,-1.07,1.23,-1.04,1.3,-0.96,1.22,-0.96,1.23,-1.03,1.28,-0.78,1.16,-0.94,1.22,-0.83,1.27,-0.81,1.16,-0.78,1.23,-0.76,1.26,-0.81,1.25,0.0,0.0,0.0,0.0,0.0,0.0,0.0,0.0,0.0,0.0,0.0,0.0,0.0,0.0,4.22,-0.22,4.44,-0.09,4.94,-0.53,4.53,-0.07,4.49,-0.55,4.12,-0.45,4.27,-0.45,4.04,-0.46,3.75,-0.33,3.63,-0.04,3.75,-0.54,3.53,-0.35,3.67,-0.54,3.42,-0.63,3.29,-0.42,3.37,-0.63,3.27,-0.69,2.95,-0.91,2.9,-0.56,3.03,-0.65,3.14,-0.78,2.78,-0.57,2.6,-0.76,2.59,-0.89,2.45,-0.63,2.48,-0.74,2.35,-0.77,2.36,-0.86,2.33,-1.04,2.38,-1.04,1.63,-1.67,2.18,-0.95,2.14,-0.9,2.06,-0.98,2.1,-1.0,2.07,-0.82,1.88,-0.79,1.79,-1.14,1.83,-0.92,1.82,-0.97,1.79,-0.92,2.05,-0.88,1.79,-0.92,1.72,-1.28,1.57,-0.94,1.81,-0.85,1.95,-0.68,1.8,-0.97,1.83,-0.92,2.0,-0.77,1.65,-0.79,1.84,-1.15,1.65,-1.02,1.71,-0.96,1.78,-0.81,1.74,-0.54,1.85,-0.51,0.99,0.3,1.0,0.29,0.0,0.0,0.0,0.0,0.0,0.0,,,,,,,,,,,,,,,,,,,,,,,,,,,,,,,,,,,,,,,,,,,,,,,,,,,,,,,,,,,,,,,,,,,,,,,,,,,,,,,,,,,,,,,,,,,,,,,,,,,,,,,,,,,,,,,,,,,,,,,,,,,,,,,,
2026-04-26 03:52:12.427,healthy,10,225.0,-38.59,0.65,-97.0,100,192,1.2003,2.9701,0.0,0.0,0.0,0.0,0.0,0.0,0.0,0.0,0.0,0.0,0.0,0.0,-0.75,-0.41,-0.71,-0.42,-0.67,-0.43,-0.69,-0.33,-0.78,-0.41,-0.72,-0.45,-0.7,-0.43,-0.76,-0.43,-0.75,-0.44,-0.72,-0.54,-0.77,-0.52,-0.69,-0.52,-0.76,-0.58,-0.75,-0.52,-0.72,-0.53,-0.82,-0.53,-0.84,-0.45,-0.76,-0.49,-0.84,-0.53,-0.78,-0.49,-0.75,-0.47,-0.82,-0.5,-0.78,-0.54,-0.77,-0.57,-0.76,-0.55,-0.77,-0.57,0.0,0.0,-0.81,-0.49,-0.75,-0.42,-0.82,-0.54,-0.77,-0.49,-0.81,-0.5,-0.78,-0.52,-0.79,-0.46,-0.83,-0.52,-0.8,-0.48,-0.85,-0.51,-0.77,-0.51,-0.79,-0.49,-0.79,-0.47,-0.79,-0.39,-0.82,-0.42,-0.79,-0.41,-0.85,-0.5,-0.79,-0.47,-0.84,-0.39,-0.84,-0.41,-0.8,-0.38,-0.79,-0.4,-0.76,-0.48,-0.88,-0.45,-0.9,-0.42,-0.88,-0.36,0.0,0.0,0.0,0.0,0.0,0.0,0.0,0.0,0.0,0.0,0.0,0.0,0.0,0.0,0.16,1.41,0.24,2.32,0.16,1.37,0.04,1.66,0.18,1.52,-0.3,1.38,0.25,1.6,-0.07,1.48,0.14,1.44,-0.08,1.16,0.21,1.19,0.08,1.18,0.06,1.11,0.09,1.3,-0.18,1.03,0.03,0.98,0.02,1.13,0.05,1.16,-0.1,0.89,0.38,0.89,0.27,0.88,0.27,0.79,0.1,0.87,0.32,0.83,0.39,0.73,0.3,0.67,0.31,0.59,0.33,0.57,0.33,0.67,0.35,0.88,0.35,0.63,0.33,0.74,0.39,0.61,0.37,0.68,0.73,0.68,0.25,0.7,0.18,0.65,0.4,0.46,0.2,0.55,0.3,0.45,0.14,0.61,0.01,0.6,0.01,0.55,0.07,0.41,-0.09,0.52,0.13,0.44,0.07,0.52,0.14,0.44,-0.19,0.4,0.0,0.23,-0.17,0.19,-0.21,0.29,-0.01,0.3,-0.1,0.31,-0.31,0.37,-0.3,0.4,-0.41,0.25,0.0,0.0,0.0,0.0,0.0,0.0,0.0,0.0,0.0,0.0,0.0,0.0,0.0,0.0,0.0,0.0,0.0,0.0,0.0,0.0,0.0,0.0,-1.58,-0.1,-1.7,-0.25,-1.67,0.12,-1.5,-0.22,-1.61,-0.24,-1.7,-0.54,-1.77,-0.29,-1.86,-0.3,-1.87,-0.22,-2.18,-0.25,-2.2,-0.69,-2.12,-0.67,-2.18,-0.47,-2.26,-0.89,-2.01,-0.95,-2.38,-0.56,-2.23,-0.86,-2.4,-0.74,-2.07,-0.88,-2.26,-0.56,-2.28,-0.59,-2.33,-0.51,-2.38,-0.77,-2.31,-0.96,-2.53,-0.94,-2.3,-0.87,-2.26,-0.92,-2.21,-0.88,-2.33,-0.64,-2.31,-0.68,-2.29,-0.6,-2.36,-0.83,-2.25,-0.83,-2.3,-0.41,-2.26,-0.76,-2.31,-0.57,-2.47,-0.42,-2.37,-0.59,-2.4,-0.46,-2.37,-0.52,-2.17,-0.5,-2.61,-0.27,-2.32,-0.38,-2.57,-0.25,-2.28,-0.32,-2.29,0.0,-2.45,0.07,-2.41,-0.02,-2.5,0.05,-2.74,0.05,-2.73,-0.3,-2.82,0.03,-2.79,-0.14,-2.5,0.41,-2.79,0.07,-2.97,0.02,-2.7,0.39,0.0,0.0
2026-04-26 03:52:24.120,healthy,11,247.5,-37.89,2.28,-97.0,100,128,1.6308,5.1958,0.0,0.0,0.0,0.0,0.0,0.0,0.0,0.0,0.0,0.0,0.0,0.0,-1.25,-0.17,-1.26,-0.26,-1.3,-0.2,-1.29,-0.27,-1.35,-0.32,-1.39,-0.39,-1.41,-0.43,-1.35,-0.46,-1.4,-0.48,-1.39,-0.52,-1.55,-0.42,-1.48,-0.44,-1.53,-0.53,-1.47,-0.52,-1.54,-0.47,-1.65,-0.51,-1.54,-0.5,-1.6,-0.59,-1.65,-0.65,-1.64,-0.66,-1.66,-0.73,-1.69,-0.71,-1.59,-0.7,-1.69,-0.72,-1.69,-0.71,-1.61,-0.79,0.0,0.0,-1.63,-0.79,-1.65,-0.71,-1.61,-0.65,-1.65,-0.67,-1.62,-0.65,-1.61,-0.6,-1.58,-0.66,-1.56,-0.63,-1.53,-0.57,-1.63,-0.55,-1.6,-0.52,-1.54,-0.51,-1.53,-0.45,-1.51,-0.5,-1.6,-0.49,-1.6,-0.41,-1.57,-0.46,-1.53,-0.41,-1.56,-0.41,-1.5,-0.34,-1.55,-0.35,-1.59,-0.25,-1.55,-0.4,-1.62,-0.24,-1.61,-0.23,-1.57,-0.22,0.0,0.0,0.0,0.0,0.0,0.0,0.0,0.0,0.0,0.0,0.0,0.0,0.0,0.0,1.36,4.4,1.18,5.06,1.66,4.07,1.47,4.16,1.09,3.47,0.88,3.21,1.1,3.28,1.18,2.97,1.12,2.8,1.2,2.75,1.42,2.55,1.29,2.58,1.27,2.46,1.34,2.24,1.3,2.1,1.67,1.82,1.67,1.98,1.53,1.55,1.39,1.45,1.67,1.52,1.79,1.43,1.56,1.26,1.91,1.13,1.87,0.88,1.69,1.05,1.76,0.92,1.99,1.01,2.27,0.97,1.99,0.77,2.14,1.11,2.07,1.36,2.04,0.88,1.95,0.69,2.06,0.74,2.01,0.5,1.93,0.62,1.75,0.73,1.94,0.61,1.63,0.89,1.5,0.49,1.53,0.62,1.44,0.42,1.44,0.62,1.24,0.56,1.1,0.49,1.1,0.45,1.04,0.52,1.14,0.31,0.94,0.28,0.96,0.57,0.7,0.48,0.67,0.52,0.63,0.37,0.44,0.26,0.43,0.46,0.22,0.37,0.08,0.41,-0.05,-0.7,-0.03,-0.66,0.0,0.0,0.0,0.0,0.0,0.0,,,,,,,,,,,,,,,,,,,,,,,,,,,,,,,,,,,,,,,,,,,,,,,,,,,,,,,,,,,,,,,,,,,,,,,,,,,,,,,,,,,,,,,,,,,,,,,,,,,,,,,,,,,,,,,,,,,,,,,,,,,,,,,,
2026-04-26 03:52:36.031,healthy,12,270.0,-39.2,1.12,-97.0,100,128,0.6934,3.2767,0.0,0.0,0.0,0.0,0.0,0.0,0.0,0.0,0.0,0.0,0.0,0.0,-0.19,-0.3,-0.17,-0.28,-0.13,-0.25,-0.08,-0.22,-0.12,-0.21,-0.23,-0.16,-0.17,-0.18,-0.17,-0.19,-0.16,-0.15,-0.18,-0.11,-0.15,-0.07,-0.12,-0.08,-0.17,-0.1,-0.08,-0.06,-0.16,-0.01,-0.12,0.05,-0.06,-0.05,-0.15,-0.01,-0.2,0.0,-0.14,0.05,-0.16,0.01,-0.2,0.05,-0.2,0.08,-0.18,0.06,-0.1,0.1,-0.2,0.05,0.0,0.0,-0.15,0.06,-0.17,0.15,-0.15,0.07,-0.05,0.08,-0.18,0.03,-0.1,0.07,-0.13,0.09,-0.16,0.02,-0.16,-0.05,-0.12,0.08,-0.05,0.07,-0.16,0.07,-0.1,-0.04,-0.11,-0.01,-0.06,0.0,-0.12,-0.01,0.0,0.02,-0.04,-0.01,-0.02,0.04,-0.04,-0.01,-0.07,-0.03,-0.03,0.0,0.0,-0.02,0.02,-0.04,-0.02,0.02,-0.03,-0.03,0.0,0.0,0.0,0.0,0.0,0.0,0.0,0.0,0.0,0.0,0.0,0.0,0.0,0.0,1.53,-2.5,2.08,-2.22,2.07,-2.54,1.88,-1.84,1.92,-1.95,1.73,-1.87,1.97,-1.69,2.03,-1.74,1.53,-1.49,1.57,-1.36,1.57,-1.46,1.29,-1.34,1.35,-1.42,1.45,-1.16,1.54,-1.15,1.23,-1.24,1.36,-1.16,1.08,-1.16,0.97,-0.91,0.99,-1.25,0.99,-1.15,0.95,-0.92,0.93,-0.86,0.91,-0.91,0.77,-0.81,0.64,-0.9,0.83,-0.98,0.64,-1.1,0.78,-1.05,0.99,-0.97,0.15,-1.31,0.4,-0.66,0.69,-0.74,0.81,-0.66,0.75,-0.75,0.62,-0.61,0.7,-0.6,0.6,-0.57,0.68,-0.49,0.53,-0.71,0.88,-0.51,0.72,-0.66,0.71,-0.38,0.55,-0.48,0.48,-0.56,0.74,-0.43,0.69,-0.26,0.69,-0.57,0.58,-0.2,0.54,-0.37,0.64,-0.4,0.43,-0.15,0.65,-0.34,0.74,-0.42,0.68,-0.32,0.44,-0.08,0.61,-0.28,0.6,0.29,0.61,0.28,0.0,0.0,0.0,0.0,0.0,0.0,,,,,,,,,,,,,,,,,,,,,,,,,,,,,,,,,,,,,,,,,,,,,,,,,,,,,,,,,,,,,,,,,,,,,,,,,,,,,,,,,,,,,,,,,,,,,,,,,,,,,,,,,,,,,,,,,,,,,,,,,,,,,,,,
2026-04-26 03:52:48.059,healthy,13,292.5,-39.62,1.05,-97.0,100,128,1.9305,5.398,0.0,0.0,0.0,0.0,0.0,0.0,0.0,0.0,0.0,0.0,0.0,0.0,-0.83,0.08,-0.85,0.01,-0.89,0.01,-0.97,0.04,-0.99,-0.01,-1.07,-0.01,-1.12,-0.02,-1.09,-0.06,-1.14,-0.03,-1.15,-0.08,-1.17,-0.01,-1.23,-0.04,-1.24,-0.03,-1.23,-0.03,-1.27,-0.06,-1.32,-0.08,-1.29,-0.04,-1.34,-0.15,-1.42,-0.14,-1.38,-0.12,-1.4,-0.18,-1.44,-0.17,-1.39,-0.21,-1.44,-0.17,-1.42,-0.19,-1.36,-0.24,0.0,0.0,-1.32,-0.2,-1.4,-0.18,-1.36,-0.19,-1.35,-0.19,-1.34,-0.17,-1.4,-0.22,-1.35,-0.22,-1.33,-0.2,-1.27,-0.15,-1.32,-0.17,-1.3,-0.13,-1.28,-0.08,-1.25,-0.07,-1.32,-0.05,-1.32,-0.06,-1.31,0.02,-1.25,0.01,-1.23,0.03,-1.28,0.04,-1.27,0.04,-1.3,-0.01,-1.26,0.0,-1.25,-0.06,-1.26,0.08,-1.25,0.07,-1.25,0.13,0.0,0.0,0.0,0.0,0.0,0.0,0.0,0.0,0.0,0.0,0.0,0.0,0.0,0.0,3.11,4.14,3.07,4.44,3.73,3.61,3.32,3.9,3.49,3.7,3.19,3.42,3.46,3.37,3.73,3.51,3.13,3.1,3.19,3.33,3.38,2.98,3.17,2.86,3.11,2.65,3.12,2.64,3.11,2.38,3.5,2.24,3.36,2.23,3.22,1.98,2.9,1.9,3.14,1.7,3.6,1.62,2.88,1.53,3.23,1.65,3.01,1.37,2.97,1.57,2.84,1.56,3.01,1.09,3.23,0.98,3.05,1.02,3.22,1.06,2.03,0.82,3.03,1.1,2.69,0.92,2.75,0.92,2.75,0.51,2.64,0.94,2.63,0.91,2.46,0.57,2.3,0.82,2.25,0.39,2.23,0.6,1.95,0.44,2.05,0.5,1.77,0.36,1.77,0.04,1.94,0.24,1.76,0.21,1.77,-0.02,1.63,0.17,1.91,0.09,1.58,0.01,1.62,-0.12,1.7,-0.05,1.56,-0.1,1.65,-0.11,1.57,0.04,1.36,0.2,0.62,-0.08,0.62,-0.04,0.0,0.0,0.0,0.0,0.0,0.0,,,,,,,,,,,,,,,,,,,,,,,,,,,,,,,,,,,,,,,,,,,,,,,,,,,,,,,,,,,,,,,,,,,,,,,,,,,,,,,,,,,,,,,,,,,,,,,,,,,,,,,,,,,,,,,,,,,,,,,,,,,,,,,,
2026-04-26 03:53:00.035,healthy,14,315.0,-40.58,1.03,-97.0,100,128,1.7548,4.699,0.0,0.0,0.0,0.0,0.0,0.0,0.0,0.0,0.0,0.0,0.0,0.0,-1.13,-0.32,-1.16,-0.31,-1.26,-0.28,-1.23,-0.34,-1.25,-0.48,-1.3,-0.45,-1.28,-0.49,-1.37,-0.48,-1.33,-0.52,-1.35,-0.48,-1.41,-0.56,-1.48,-0.55,-1.44,-0.51,-1.41,-0.56,-1.43,-0.63,-1.46,-0.71,-1.52,-0.67,-1.48,-0.75,-1.47,-0.71,-1.5,-0.72,-1.56,-0.77,-1.49,-0.81,-1.51,-0.82,-1.49,-0.82,-1.54,-0.86,-1.53,-0.8,0.0,0.0,-1.45,-0.82,-1.49,-0.81,-1.51,-0.8,-1.48,-0.78,-1.45,-0.78,-1.45,-0.77,-1.46,-0.76,-1.46,-0.76,-1.38,-0.78,-1.39,-0.69,-1.48,-0.65,-1.41,-0.64,-1.47,-0.6,-1.43,-0.56,-1.47,-0.57,-1.38,-0.55,-1.52,-0.57,-1.42,-0.51,-1.42,-0.5,-1.41,-0.49,-1.44,-0.45,-1.47,-0.5,-1.45,-0.49,-1.52,-0.46,-1.5,-0.44,-1.5,-0.38,0.0,0.0,0.0,0.0,0.0,0.0,0.0,0.0,0.0,0.0,0.0,0.0,0.0,0.0,-0.75,4.48,-0.29,4.69,-0.16,4.43,-0.36,4.57,-0.11,4.55,-0.36,4.28,-0.03,4.54,-0.08,4.07,-0.18,4.11,-0.17,3.88,0.01,3.73,0.07,3.79,0.2,3.59,0.35,3.37,0.21,3.18,0.36,3.17,0.4,3.16,0.62,3.03,0.66,2.97,0.74,2.98,0.82,2.86,0.63,2.72,0.85,2.8,0.83,2.53,0.87,2.39,0.92,2.31,1.01,2.44,0.97,2.24,0.86,2.22,1.12,2.09,0.59,1.52,0.94,2.03,1.05,2.09,1.1,1.86,0.93,1.94,0.8,1.74,0.84,1.79,0.87,1.47,0.86,1.59,0.91,1.47,0.76,1.42,0.71,1.39,0.76,1.33,0.81,1.07,0.71,0.86,0.81,0.98,0.77,0.98,0.87,0.97,0.58,0.95,0.71,0.78,0.71,0.79,0.71,0.76,0.72,0.82,0.69,0.8,0.62,0.56,0.56,0.62,0.46,0.69,0.45,0.21,0.45,0.21,0.0,0.0,0.0,0.0,0.0,0.0,,,,,,,,,,,,,,,,,,,,,,,,,,,,,,,,,,,,,,,,,,,,,,,,,,,,,,,,,,,,,,,,,,,,,,,,,,,,,,,,,,,,,,,,,,,,,,,,,,,,,,,,,,,,,,,,,,,,,,,,,,,,,,,,
2026-04-26 03:53:12.068,healthy,15,337.5,-39.87,1.25,-97.0,100,128,2.9006,8.024,0.0,0.0,0.0,0.0,0.0,0.0,0.0,0.0,0.0,0.0,0.0,0.0,-0.16,-1.1,-0.08,-1.06,-0.12,-1.13,-0.03,-1.09,0.05,-1.01,0.08,-1.05,0.13,-1.01,0.24,-0.93,0.2,-1.01,0.26,-0.99,0.26,-1.01,0.26,-0.95,0.32,-1.05,0.34,-1.02,0.36,-0.99,0.42,-0.97,0.43,-0.89,0.34,-0.91,0.47,-0.86,0.43,-0.92,0.49,-0.89,0.51,-0.88,0.53,-0.8,0.52,-0.83,0.53,-0.89,0.46,-0.86,0.0,0.0,0.51,-0.83,0.55,-0.88,0.45,-0.86,0.41,-0.88,0.48,-0.89,0.47,-0.84,0.46,-0.9,0.35,-0.98,0.36,-0.91,0.36,-1.02,0.3,-0.95,0.3,-0.97,0.35,-1.05,0.34,-1.1,0.3,-1.1,0.3,-1.06,0.34,-1.14,0.2,-1.16,0.32,-1.16,0.17,-1.23,0.32,-1.15,0.29,-1.22,0.3,-1.32,0.17,-1.28,0.21,-1.29,0.22,-1.25,0.0,0.0,0.0,0.0,0.0,0.0,0.0,0.0,0.0,0.0,0.0,0.0,0.0,0.0,-7.12,-3.7,-6.81,-3.94,-7.07,-2.14,-6.8,-1.97,-6.14,-2.44,-5.92,-1.88,-6.18,-1.51,-6.26,-1.53,-6.21,-1.27,-5.97,-1.31,-6.21,-0.97,-5.9,-1.16,-6.05,-0.95,-6.02,-0.84,-6.03,-0.58,-6.25,-0.44,-6.33,-0.45,-6.04,0.04,-5.97,0.05,-6.11,0.39,-6.23,0.44,-5.89,0.34,-6.15,0.92,-6.02,0.67,-5.95,0.53,-6.1,0.9,-5.89,0.66,-6.25,1.16,-6.06,1.0,-6.05,1.0,-5.27,-0.18,-5.94,0.99,-5.88,1.07,-5.81,0.93,-5.65,1.17,-5.4,1.01,-5.53,0.98,-5.34,0.99,-5.15,0.93,-4.69,1.13,-4.8,0.88,-4.53,0.92,-4.48,0.99,-4.26,1.07,-4.07,0.94,-4.02,0.88,-3.94,1.11,-3.93,1.09,-3.43,1.18,-3.68,1.24,-3.34,1.08,-3.34,0.97,-3.03,1.22,-2.9,1.07,-3.14,1.15,-2.95,1.0,-2.82,1.03,-0.19,1.91,-0.2,1.93,0.0,0.0,0.0,0.0,0.0,0.0,,,,,,,,,,,,,,,,,,,,,,,,,,,,,,,,,,,,,,,,,,,,,,,,,,,,,,,,,,,,,,,,,,,,,,,,,,,,,,,,,,,,,,,,,,,,,,,,,,,,,,,,,,,,,,,,,,,,,,,,,,,,,,,,
